[
     {
          "code": "1",
          "name": "ANDAMAN & NICOBAR"
     },
     {
          "code": "2",
          "name": "ANDHRA PRADESH"
     },
     {
          "code": "3",
          "name": "ARUNACHAL PRADESH"
     },
     {
          "code": "4",
          "name": "ASSAM"
     },
     {
          "code": "5",
          "name": "BIHAR"
     },
     {
          "code": "6",
          "name": "CHANDIGARH"
     },
     {
          "code": "7",
          "name": "CHATTISGARH"
     },
     {
          "code": "8",
          "name": "DADRA & NAGAR HAVELI"
     },
     {
          "code": "9",
          "name": "DAMAN & DIU"
     },
     {
          "code": "10",
          "name": "DELHI"
     },
     {
          "code": "11",
          "name": "GOA"
     },
     {
          "code": "12",
          "name": "GUJARAT"
     },
     {
          "code": "13",
          "name": "HARYANA"
     },
     {
          "code": "14",
          "name": "HIMACHAL PRADESH"
     },
     {
          "code": "15",
          "name": "JAMMU & KASHMIR"
     },
     {
          "code": "16",
          "name": "JHARKHAND"
     },
     {
          "code": "17",
          "name": "KARNATAKA"
     },
     {
          "code": "18",
          "name": "KERALA"
     },
     {
          "code": "19",
          "name": "LAKSHADWEEP"
     },
     {
          "code": "20",
          "name": "MADHYA PRADESH"
     },
     {
          "code": "21",
          "name": "MAHARASHTRA"
     },
     {
          "code": "22",
          "name": "MANIPUR"
     },
     {
          "code": "23",
          "name": "MEGHALAYA"
     },
     {
          "code": "24",
          "name": "MIZORAM"
     },
     {
          "code": "25",
          "name": "NAGALAND"
     },
     {
          "code": "26",
          "name": "ODISHA"
     },
     {
          "code": "27",
          "name": "PONDICHERRY"
     },
     {
          "code": "28",
          "name": "PUNJAB"
     },
     {
          "code": "29",
          "name": "RAJASTHAN"
     },
     {
          "code": "30",
          "name": "SIKKIM"
     },
     {
          "code": "31",
          "name": "TAMIL NADU"
     },
     {
          "code": "32",
          "name": "TELANGANA"
     },
     {
          "code": "33",
          "name": "TRIPURA"
     },
     {
          "code": "34",
          "name": "UTTAR PRADESH"
     },
     {
          "code": "35",
          "name": "UTTARAKHAND"
     },
     {
          "code": "36",
          "name": "WEST BENGAL"
     }
]